{
	"__comment": "Designed by Paulevs with Cubik Studio - https://cubik.studio",
	"textures": {
		"particle": "betterend:block/blue_vine",
		"texture": "betterend:block/blue_vine",
		"roots": "betterend:block/blue_vine_roots"
	},
	"elements": [ 	 
		{
			"__comment": "PlaneX1",
			"from": [ 2.375, 0, 2.25 ],
			"to": [ 2.376, 16, 18.25 ],
			"rotation": { "origin": [ 2.375, 0, 2.25 ], "axis": "y", "angle": 45 },
			"shade": false,
			"faces": {
				"west": { "uv": [ 0, 0, 16, 16 ], "texture": "#texture" },
				"east": { "uv": [ 0, 0, 16, 16 ], "texture": "#texture" }
			}
		},
		{
			"__comment": "PlaneX1",
			"from": [ 13.75, 0, 2.25 ],
			"to": [ 13.751, 16, 18.25 ],
			"rotation": { "origin": [ 13.75, 0, 2.25 ], "axis": "y", "angle": -45 },
			"shade": false,
			"faces": {
				"west": { "uv": [ 0, 0, 16, 16 ], "texture": "#texture" },
				"east": { "uv": [ 0, 0, 16, 16 ], "texture": "#texture" }
			}
		},
		{
			"__comment": "PlaneX4",
			"from": [ 5, 0, 0.5 ],
			"to": [ 5.001, 16, 16.5 ],
			"rotation": { "origin": [ 5, 0, 0.5 ], "axis": "y", "angle": 22.5 },
			"shade": false,
			"faces": {
				"west": { "uv": [ 0, 0, 16, 16 ], "texture": "#roots" },
				"east": { "uv": [ 0, 0, 16, 16 ], "texture": "#roots" }
			}
		},
		{
			"__comment": "PlaneZ5",
			"from": [ 0.5, 0, 11 ],
			"to": [ 16.5, 16, 11.001 ],
			"rotation": { "origin": [ 0.5, 0, 11 ], "axis": "y", "angle": 22.5 },
			"shade": false,
			"faces": {
				"north": { "uv": [ 0, 0, 16, 16 ], "texture": "#roots" },
				"south": { "uv": [ 0, 0, 16, 16 ], "texture": "#roots" }
			}
		},
		{
			"__comment": "PlaneX4",
			"from": [ 11, 0, 0.5 ],
			"to": [ 11.001, 16, 16.5 ],
			"rotation": { "origin": [ 11, 0, 0.5 ], "axis": "y", "angle": -22.5 },
			"shade": false,
			"faces": {
				"west": { "uv": [ 0, 0, 16, 16 ], "texture": "#roots" },
				"east": { "uv": [ 0, 0, 16, 16 ], "texture": "#roots" }
			}
		},
		{
			"__comment": "PlaneZ5",
			"from": [ 0.5, 0, 5 ],
			"to": [ 16.5, 16, 5.001 ],
			"rotation": { "origin": [ 0.5, 0, 5 ], "axis": "y", "angle": -22.5 },
			"shade": false,
			"faces": {
				"north": { "uv": [ 0, 0, 16, 16 ], "texture": "#roots" },
				"south": { "uv": [ 0, 0, 16, 16 ], "texture": "#roots" }
			}
		}
	]
}