{
	"__comment": "Designed by Paulevs with Cubik Studio - https://cubik.studio",
	"textures": {
		"particle": "betterend:block/bolux_mushroom",
		"texture": "betterend:block/bolux_mushroom"
	},
	"elements": [ 	 
		{
			"__comment": "Box1",
			"from": [ 6, -1, 8 ],
			"to": [ 8, 2, 10 ],
			"faces": {
				"north": { "uv": [ 0, 0, 2, 2 ], "texture": "#texture" },
				"south": { "uv": [ 0, 0, 2, 2 ], "texture": "#texture" },
				"west": { "uv": [ 0, 0, 2, 2 ], "texture": "#texture" },
				"east": { "uv": [ 0, 0, 2, 2 ], "texture": "#texture" }
			}
		},
		{
			"__comment": "Box1",
			"from": [ 5, 2, 7 ],
			"to": [ 9, 4, 11 ],
			"faces": {
				"down": { "uv": [ 2, 10, 6, 14 ], "texture": "#texture" },
				"up": { "uv": [ 4, 4, 8, 8 ], "texture": "#texture" },
				"north": { "uv": [ 10, 14, 14, 16 ], "texture": "#texture" },
				"south": { "uv": [ 10, 14, 14, 16 ], "texture": "#texture" },
				"west": { "uv": [ 10, 14, 14, 16 ], "texture": "#texture" },
				"east": { "uv": [ 10, 14, 14, 16 ], "texture": "#texture" }
			}
		},
		{
			"__comment": "Box1",
			"from": [ 6, 4, 8 ],
			"to": [ 8, 5, 10 ],
			"faces": {
				"up": { "uv": [ 5, 5, 7, 7 ], "texture": "#texture" },
				"north": { "uv": [ 11, 12, 13, 13 ], "texture": "#texture" },
				"south": { "uv": [ 11, 12, 13, 13 ], "texture": "#texture" },
				"west": { "uv": [ 11, 12, 13, 13 ], "texture": "#texture" },
				"east": { "uv": [ 11, 12, 13, 13 ], "texture": "#texture" }
			}
		}
	]
}