{
	"__comment": "Designed by Paulevs with Cubik Studio - https://cubik.studio",
	"textures": {
		"1": "betterend:block/wild_crop",
		"particle": "betterend:block/bolux_mushroom",
		"texture": "betterend:block/bolux_mushroom"
	},
	"elements": [
		{
			"__comment": "Box1",
			"from": [ 7, 3, 6 ],
			"to": [ 15, 7, 14 ],
			"faces": {
				"down": { "uv": [ 0, 8, 8, 16 ], "texture": "#texture" },
				"up": { "uv": [ 8, 0, 16, 8 ], "texture": "#texture" },
				"north": { "uv": [ 8, 12, 16, 16 ], "texture": "#texture" },
				"south": { "uv": [ 8, 12, 16, 16 ], "texture": "#texture" },
				"west": { "uv": [ 8, 12, 16, 16 ], "texture": "#texture" },
				"east": { "uv": [ 8, 12, 16, 16 ], "texture": "#texture" }
			}
		},
		{
			"__comment": "Box1",
			"from": [ 8, 7, 7 ],
			"to": [ 14, 8, 13 ],
			"faces": {
				"up": { "uv": [ 9, 1, 15, 7 ], "texture": "#texture" },
				"north": { "uv": [ 9, 11, 15, 12 ], "texture": "#texture" },
				"south": { "uv": [ 9, 11, 15, 12 ], "texture": "#texture" },
				"west": { "uv": [ 9, 11, 15, 12 ], "texture": "#texture" },
				"east": { "uv": [ 9, 11, 15, 12 ], "texture": "#texture" }
			}
		},
		{
			"__comment": "Box1",
			"from": [ 10, -1, 9 ],
			"to": [ 12, 3, 11 ],
			"faces": {
				"north": { "uv": [ 0, 0, 2, 3 ], "texture": "#texture" },
				"south": { "uv": [ 0, 0, 2, 3 ], "texture": "#texture" },
				"west": { "uv": [ 2, 0, 0, 3 ], "texture": "#texture" },
				"east": { "uv": [ 2, 0, 0, 3 ], "texture": "#texture" }
			}
		},
		{
			"__comment": "Box1",
			"from": [ 2, -1, 5 ],
			"to": [ 4, 3, 7 ],
			"faces": {
				"north": { "uv": [ 1, 0, 3, 3 ], "texture": "#texture" },
				"south": { "uv": [ 1, 0, 3, 3 ], "texture": "#texture" },
				"west": { "uv": [ 1, 0, 3, 3 ], "texture": "#texture" },
				"east": { "uv": [ 1, 0, 3, 3 ], "texture": "#texture" }
			}
		},
		{
			"__comment": "Box1",
			"from": [ 0, 3, 3 ],
			"to": [ 6, 6, 9 ],
			"faces": {
				"down": { "uv": [ 1, 9, 7, 15 ], "texture": "#texture" },
				"up": { "uv": [ 9, 1, 15, 7 ], "texture": "#texture" },
				"north": { "uv": [ 9, 13, 15, 16 ], "texture": "#texture" },
				"south": { "uv": [ 9, 13, 15, 16 ], "texture": "#texture" },
				"west": { "uv": [ 9, 13, 15, 16 ], "texture": "#texture" },
				"east": { "uv": [ 9, 13, 15, 16 ], "texture": "#texture" }
			}
		},
		{
			"__comment": "Box1",
			"from": [ 1, 6, 4 ],
			"to": [ 5, 7, 8 ],
			"faces": {
				"up": { "uv": [ 10, 2, 14, 6 ], "texture": "#texture" },
				"north": { "uv": [ 10, 11, 14, 12 ], "texture": "#texture" },
				"south": { "uv": [ 10, 11, 14, 12 ], "texture": "#texture" },
				"west": { "uv": [ 10, 11, 14, 12 ], "texture": "#texture" },
				"east": { "uv": [ 10, 11, 14, 12 ], "texture": "#texture" }
			}
		},
		{
			"__comment": "Box1",
			"from": [ 9, -1, 2 ],
			"to": [ 11, 4, 4 ],
			"faces": {
				"north": { "uv": [ 0, 0, 2, 4 ], "texture": "#texture" },
				"south": { "uv": [ 0, 0, 2, 4 ], "texture": "#texture" },
				"west": { "uv": [ 0, 0, 2, 4 ], "texture": "#texture" },
				"east": { "uv": [ 0, 0, 2, 4 ], "texture": "#texture" }
			}
		},
		{
			"__comment": "Box1",
			"from": [ 8, 4, 1 ],
			"to": [ 12, 9, 5 ],
			"faces": {
				"down": { "uv": [ 2, 10, 6, 14 ], "texture": "#texture" },
				"up": { "uv": [ 10, 2, 14, 6 ], "texture": "#texture" },
				"north": { "uv": [ 10, 11, 14, 16 ], "texture": "#texture" },
				"south": { "uv": [ 10, 11, 14, 16 ], "texture": "#texture" },
				"west": { "uv": [ 10, 11, 14, 16 ], "texture": "#texture" },
				"east": { "uv": [ 10, 11, 14, 16 ], "texture": "#texture" }
			}
		},
		{
			"__comment": "Box1",
			"from": [ 9, 9, 2 ],
			"to": [ 11, 10, 4 ],
			"faces": {
				"up": { "uv": [ 11, 3, 13, 5 ], "texture": "#texture" },
				"north": { "uv": [ 11, 10, 13, 11 ], "texture": "#texture" },
				"south": { "uv": [ 11, 10, 13, 11 ], "texture": "#texture" },
				"west": { "uv": [ 11, 10, 13, 11 ], "texture": "#texture" },
				"east": { "uv": [ 11, 10, 13, 11 ], "texture": "#texture" }
			}
		},
		{
			"__comment": "Box1",
			"from": [ 2, 5, 12 ],
			"to": [ 4, 6, 14 ],
			"faces": {
				"up": { "uv": [ 11, 3, 13, 5 ], "texture": "#texture" },
				"north": { "uv": [ 11, 11, 13, 12 ], "texture": "#texture" },
				"south": { "uv": [ 11, 11, 13, 12 ], "texture": "#texture" },
				"west": { "uv": [ 11, 11, 13, 12 ], "texture": "#texture" },
				"east": { "uv": [ 11, 11, 13, 12 ], "texture": "#texture" }
			}
		},
		{
			"__comment": "Box1",
			"from": [ 2, -1, 12 ],
			"to": [ 4, 2, 14 ],
			"faces": {
				"north": { "uv": [ 0, 1, 2, 3 ], "texture": "#texture" },
				"south": { "uv": [ 0, 1, 2, 3 ], "texture": "#texture" },
				"west": { "uv": [ 0, 1, 2, 3 ], "texture": "#texture" },
				"east": { "uv": [ 0, 1, 2, 3 ], "texture": "#texture" }
			}
		},
		{
			"__comment": "Box1",
			"from": [ 1, 2, 11 ],
			"to": [ 5, 5, 15 ],
			"faces": {
				"down": { "uv": [ 2, 10, 6, 14 ], "texture": "#texture" },
				"up": { "uv": [ 4, 4, 8, 8 ], "texture": "#texture" },
				"north": { "uv": [ 10, 13, 14, 16 ], "texture": "#texture" },
				"south": { "uv": [ 10, 13, 14, 16 ], "texture": "#texture" },
				"west": { "uv": [ 10, 13, 14, 16 ], "texture": "#texture" },
				"east": { "uv": [ 10, 13, 14, 16 ], "texture": "#texture" }
			}
		},
		{
			"from": [3.1, -1, 0.1],
			"to": [3.1, 15, 16.1],
			"shade": false,
			"faces": {
				"east": {"uv": [16, 0, 0, 16], "texture": "#1"},
				"west": {"uv": [0, 0, 16, 16], "texture": "#1"}
			}
		},
		{
			"from": [13.1, -1, 0.1],
			"to": [13.1, 15, 16.1],
			"shade": false,
			"faces": {
				"east": {"uv": [0, 0, 16, 16], "texture": "#1"},
				"west": {"uv": [16, 0, 0, 16], "texture": "#1"}
			}
		},
		{
			"from": [0.1, -1, 3.1],
			"to": [16.1, 15, 3.1],
			"shade": false,
			"faces": {
				"north": {"uv": [0, 0, 16, 16], "texture": "#1"},
				"south": {"uv": [16, 0, 0, 16], "texture": "#1"}
			}
		},
		{
			"from": [0.1, -1, 13.1],
			"to": [16.1, 15, 13.1],
			"shade": false,
			"faces": {
				"north": {"uv": [16, 0, 0, 16], "texture": "#1"},
				"south": {"uv": [0, 0, 16, 16], "texture": "#1"}
			}
		}
	],
	"display": {
		"gui": {
			"rotation": [ 30, 225, 0 ],
			"translation": [ 0, 0, 0 ],
			"scale": [ 0.625, 0.625, 0.625 ]
		}
	}
}