{
	"__comment": "Designed by Paulevs with Cubik Studio - https://cubik.studio",
	"textures": {
		"particle": "betterend:block/bolux_mushroom",
		"texture": "betterend:block/bolux_mushroom"
	},
	"elements": [ 	 
		{
			"__comment": "Box1",
			"from": [ 11, -1, 4 ],
			"to": [ 13, 2, 6 ],
			"faces": {
				"north": { "uv": [ 0, 0, 2, 2 ], "texture": "#texture" },
				"south": { "uv": [ 0, 0, 2, 2 ], "texture": "#texture" },
				"west": { "uv": [ 0, 0, 2, 2 ], "texture": "#texture" },
				"east": { "uv": [ 0, 0, 2, 2 ], "texture": "#texture" }
			}
		},
		{
			"__comment": "Box1",
			"from": [ 9, 2, 2 ],
			"to": [ 15, 5, 8 ],
			"faces": {
				"down": { "uv": [ 1, 9, 7, 15 ], "texture": "#texture" },
				"up": { "uv": [ 9, 1, 15, 7 ], "texture": "#texture", "rotation": 90 },
				"north": { "uv": [ 9, 13, 15, 16 ], "texture": "#texture" },
				"south": { "uv": [ 9, 13, 15, 16 ], "texture": "#texture" },
				"west": { "uv": [ 9, 13, 15, 16 ], "texture": "#texture" },
				"east": { "uv": [ 9, 13, 15, 16 ], "texture": "#texture" }
			}
		},
		{
			"__comment": "Box1",
			"from": [ 10, 5, 3 ],
			"to": [ 14, 6, 7 ],
			"faces": {
				"up": { "uv": [ 10, 2, 14, 6 ], "texture": "#texture", "rotation": 90 },
				"north": { "uv": [ 10, 11, 14, 12 ], "texture": "#texture" },
				"south": { "uv": [ 10, 11, 14, 12 ], "texture": "#texture" },
				"west": { "uv": [ 10, 11, 14, 12 ], "texture": "#texture" },
				"east": { "uv": [ 10, 11, 14, 12 ], "texture": "#texture" }
			}
		},
		{
			"__comment": "Box1",
			"from": [ 3, -1, 6 ],
			"to": [ 5, 3, 8 ],
			"faces": {
				"north": { "uv": [ 0, 0, 2, 3 ], "texture": "#texture" },
				"south": { "uv": [ 0, 0, 2, 3 ], "texture": "#texture" },
				"west": { "uv": [ 0, 0, 2, 3 ], "texture": "#texture" },
				"east": { "uv": [ 0, 0, 2, 3 ], "texture": "#texture" }
			}
		},
		{
			"__comment": "Box1",
			"from": [ 1, 3, 4 ],
			"to": [ 7, 6, 10 ],
			"faces": {
				"down": { "uv": [ 1, 9, 7, 15 ], "texture": "#texture" },
				"up": { "uv": [ 9, 1, 15, 7 ], "texture": "#texture", "rotation": 270 },
				"north": { "uv": [ 9, 13, 15, 16 ], "texture": "#texture" },
				"south": { "uv": [ 9, 13, 15, 16 ], "texture": "#texture" },
				"west": { "uv": [ 9, 13, 15, 16 ], "texture": "#texture" },
				"east": { "uv": [ 9, 13, 15, 16 ], "texture": "#texture" }
			}
		},
		{
			"__comment": "Box1",
			"from": [ 2, 6, 5 ],
			"to": [ 6, 7, 9 ],
			"faces": {
				"up": { "uv": [ 10, 2, 14, 6 ], "texture": "#texture", "rotation": 270 },
				"north": { "uv": [ 10, 11, 14, 12 ], "texture": "#texture" },
				"south": { "uv": [ 10, 11, 14, 12 ], "texture": "#texture" },
				"west": { "uv": [ 10, 11, 14, 12 ], "texture": "#texture" },
				"east": { "uv": [ 10, 11, 14, 12 ], "texture": "#texture" }
			}
		},
		{
			"__comment": "Box1",
			"from": [ 10, -1, 12 ],
			"to": [ 12, 2, 14 ],
			"faces": {
				"north": { "uv": [ 0, 0, 2, 2 ], "texture": "#texture" },
				"south": { "uv": [ 0, 0, 2, 2 ], "texture": "#texture" },
				"west": { "uv": [ 0, 0, 2, 2 ], "texture": "#texture" },
				"east": { "uv": [ 0, 0, 2, 2 ], "texture": "#texture" }
			}
		},
		{
			"__comment": "Box1",
			"from": [ 9, 2, 11 ],
			"to": [ 13, 4, 15 ],
			"faces": {
				"down": { "uv": [ 2, 10, 6, 14 ], "texture": "#texture" },
				"up": { "uv": [ 4, 4, 8, 8 ], "texture": "#texture" },
				"north": { "uv": [ 10, 14, 14, 16 ], "texture": "#texture" },
				"south": { "uv": [ 10, 14, 14, 16 ], "texture": "#texture" },
				"west": { "uv": [ 10, 14, 14, 16 ], "texture": "#texture" },
				"east": { "uv": [ 10, 14, 14, 16 ], "texture": "#texture" }
			}
		},
		{
			"__comment": "Box1",
			"from": [ 10, 4, 12 ],
			"to": [ 12, 5, 14 ],
			"faces": {
				"up": { "uv": [ 5, 5, 7, 7 ], "texture": "#texture" },
				"north": { "uv": [ 11, 12, 13, 13 ], "texture": "#texture" },
				"south": { "uv": [ 11, 12, 13, 13 ], "texture": "#texture" },
				"west": { "uv": [ 11, 12, 13, 13 ], "texture": "#texture" },
				"east": { "uv": [ 11, 12, 13, 13 ], "texture": "#texture" }
			}
		}
	]
}