{
    "ambientocclusion": false,
    "textures": {
        "particle": "#texture"
    },
    "elements": [
        {   "from": [ 4.1, -1, 0 ],
            "to": [ 4.1, 15, 16 ],
            "shade": false,
            "faces": {
                "west": { "uv": [ 16, 0, 0, 16 ], "texture": "#texture" },
                "east": { "uv": [ 16, 0, 0, 16 ], "texture": "#texture" }
            }
        },
        {   "from": [ 11.9, -1, 0 ],
            "to": [ 11.9, 15, 16 ],
            "shade": false,
            "faces": {
                "west": { "uv": [ 16, 0, 0, 16 ], "texture": "#texture" },
                "east": { "uv": [ 16, 0, 0, 16 ], "texture": "#texture" }
            }
        },
        {   "from": [ 0, -1, 4.1 ],
            "to": [ 16, 15, 4.1 ],
            "shade": false,
            "faces": {
                "north": { "uv": [ 16, 0, 0, 16 ], "texture": "#texture" },
                "south": { "uv": [ 16, 0, 0, 16 ], "texture": "#texture" }
            }
        },
        {   "from": [ 0, -1, 11.9 ],
            "to": [ 16, 15, 11.9 ],
            "shade": false,
            "faces": {
                "north": { "uv": [ 16, 0, 0, 16 ], "texture": "#texture" },
                "south": { "uv": [ 16, 0, 0, 16 ], "texture": "#texture" }
            }
        }
    ]
}
