{
	"__comment": "Designed by Paulevs with Cubik Studio - https://cubik.studio",
	"parent": "block/block",
	"textures": {
		"particle": "betterend:block/end_lotus_stem",
		"texture": "betterend:block/end_lotus_stem"
	},
	"elements": [ 	 
		{
			"__comment": "Box1",
			"from": [ 6, 0, 6 ],
			"to": [ 10, 16, 10 ],
			"faces": {
				"down": { "uv": [ 4, 0, 8, 4 ], "texture": "#texture", "cullface": "down" },
				"up": { "uv": [ 4, 0, 8, 4 ], "texture": "#texture", "cullface": "up" },
				"north": { "uv": [ 0, 0, 4, 16 ], "texture": "#texture" },
				"south": { "uv": [ 0, 0, 4, 16 ], "texture": "#texture" },
				"west": { "uv": [ 0, 0, 4, 16 ], "texture": "#texture" },
				"east": { "uv": [ 0, 0, 4, 16 ], "texture": "#texture" }
			}
		}
	]
}