{
	"__comment": "Designed by Paulevs with Cubik Studio - https://cubik.studio",
	"textures": {
		"particle": "betterend:block/end_lotus_center",
		"texture": "betterend:block/end_lotus_center",
		"petal": "betterend:block/end_lotus_petal"
	},
	"elements": [ 	 
		{
			"__comment": "Box1",
			"from": [ 4, 0, 4 ],
			"to": [ 12, 11, 12 ],
			"faces": {
				"down": { "uv": [ 8, 8, 16, 16 ], "texture": "#texture" },
				"up": { "uv": [ 8, 0, 16, 8 ], "texture": "#texture" },
				"north": { "uv": [ 0, 4, 8, 16 ], "texture": "#texture" },
				"south": { "uv": [ 0, 5, 8, 16 ], "texture": "#texture" },
				"west": { "uv": [ 0, 5, 8, 16 ], "texture": "#texture" },
				"east": { "uv": [ 0, 5, 8, 16 ], "texture": "#texture" }
			}
		},
		{
			"__comment": "PlaneY2",
			"from": [ -0.5, 2, 12 ],
			"to": [ 15.5, 2.001, 20 ],
			"rotation": { "origin": [ -0.5, 2, 12 ], "axis": "x", "angle": -45 },
			"shade": false,
			"faces": {
				"down": { "uv": [ 16, 8, 0, 16 ], "texture": "#petal" },
				"up": { "uv": [ 0, 8, 16, 16 ], "texture": "#petal", "rotation": 180 }
			}
		},
		{
			"__comment": "PlaneY2",
			"from": [ -0.5, 7.502, 17.5 ],
			"to": [ 15.5, 7.502, 25.5 ],
			"shade": false,
			"faces": {
				"down": { "uv": [ 16, 0, 0, 8 ], "texture": "#petal" },
				"up": { "uv": [ 0, 0, 16, 8 ], "texture": "#petal", "rotation": 180 }
			}
		},
		{
			"__comment": "PlaneY2",
			"from": [ 0.5, 1.999, -4 ],
			"to": [ 16.5, 2, 4 ],
			"rotation": { "origin": [ 0.5, 2, 4 ], "axis": "x", "angle": 45 },
			"shade": false,
			"faces": {
				"down": { "uv": [ 16, 8, 0, 16 ], "texture": "#petal", "rotation": 180 },
				"up": { "uv": [ 0, 8, 16, 16 ], "texture": "#petal" }
			}
		},
		{
			"__comment": "PlaneY2",
			"from": [ 0.5, 7.502, -9.5 ],
			"to": [ 16.5, 7.502, -1.5 ],
			"shade": false,
			"faces": {
				"down": { "uv": [ 16, 0, 0, 8 ], "texture": "#petal", "rotation": 180 },
				"up": { "uv": [ 0, 0, 16, 8 ], "texture": "#petal" }
			}
		},
		{
			"__comment": "PlaneY12",
			"from": [ 12, 2, 0.5 ],
			"to": [ 20, 2.001, 16.5 ],
			"rotation": { "origin": [ 12, 2, 0.5 ], "axis": "z", "angle": 45 },
			"shade": false,
			"faces": {
				"down": { "uv": [ 16, 8, 0, 16 ], "texture": "#petal", "rotation": 90 },
				"up": { "uv": [ 0, 8, 16, 16 ], "texture": "#petal", "rotation": 90 }
			}
		},
		{
			"__comment": "PlaneY12",
			"from": [ 17.5, 7.505, 0.5 ],
			"to": [ 25.5, 7.505, 16.5 ],
			"shade": false,
			"faces": {
				"down": { "uv": [ 16, 0, 0, 8 ], "texture": "#petal", "rotation": 90 },
				"up": { "uv": [ 0, 0, 16, 8 ], "texture": "#petal", "rotation": 90 }
			}
		},
		{
			"__comment": "PlaneY12",
			"from": [ -4, 1.999, -0.5 ],
			"to": [ 4, 2, 15.5 ],
			"rotation": { "origin": [ 4, 2, -0.5 ], "axis": "z", "angle": -45 },
			"shade": false,
			"faces": {
				"down": { "uv": [ 16, 8, 0, 16 ], "texture": "#petal", "rotation": 270 },
				"up": { "uv": [ 0, 8, 16, 16 ], "texture": "#petal", "rotation": 270 }
			}
		},
		{
			"__comment": "PlaneY12",
			"from": [ -9.5, 7.505, -0.5 ],
			"to": [ -1.5, 7.505, 15.5 ],
			"shade": false,
			"faces": {
				"down": { "uv": [ 16, 0, 0, 8 ], "texture": "#petal", "rotation": 270 },
				"up": { "uv": [ 0, 0, 16, 8 ], "texture": "#petal", "rotation": 270 }
			}
		},
		{
			"__comment": "PlaneY10",
			"from": [ 15.5, 2.02, -10.5 ],
			"to": [ 31.5, 2.02, 5.5 ],
			"rotation": { "origin": [ 15.5, 2, -10.5 ], "axis": "y", "angle": -45 },
			"shade": false,
			"faces": {
				"down": { "uv": [ 16, 0, 0, 16 ], "texture": "#petal", "rotation": 180 },
				"up": { "uv": [ 0, 0, 16, 16 ], "texture": "#petal" }
			}
		},
		{
			"__comment": "PlaneY10",
			"from": [ 10.5, 2.04, -0.5 ],
			"to": [ 26.5, 2.04, 15.5 ],
			"rotation": { "origin": [ 26.5, 2, 15.5 ], "axis": "y", "angle": 45 },
			"shade": false,
			"faces": {
				"down": { "uv": [ 16, 0, 0, 16 ], "texture": "#petal" },
				"up": { "uv": [ 0, 0, 16, 16 ], "texture": "#petal", "rotation": 180 }
			}
		},
		{
			"__comment": "PlaneY10",
			"from": [ -15.5, 2.06, 10.5 ],
			"to": [ 0.5, 2.06, 26.5 ],
			"rotation": { "origin": [ 0.5, 2, 26.5 ], "axis": "y", "angle": -45 },
			"shade": false,
			"faces": {
				"down": { "uv": [ 16, 0, 0, 16 ], "texture": "#petal" },
				"up": { "uv": [ 0, 0, 16, 16 ], "texture": "#petal", "rotation": 180 }
			}
		},
		{
			"__comment": "PlaneY10",
			"from": [ -10.4999, 2.08, 0.4999 ],
			"to": [ 5.5001, 2.08, 16.4999 ],
			"rotation": { "origin": [ -10.5, 2, 0.5 ], "axis": "y", "angle": 45 },
			"shade": false,
			"faces": {
				"down": { "uv": [ 16, 0, 0, 16 ], "texture": "#petal", "rotation": 180 },
				"up": { "uv": [ 0, 0, 16, 16 ], "texture": "#petal" }
			}
		},
		{
			"__comment": "Box15",
			"from": [ 5, 11, 5 ],
			"to": [ 11, 12, 11 ],
			"faces": {
				"up": { "uv": [ 9, 1, 15, 7 ], "texture": "#texture" },
				"north": { "uv": [ 1, 4, 7, 5 ], "texture": "#texture" },
				"south": { "uv": [ 1, 4, 7, 5 ], "texture": "#texture" },
				"west": { "uv": [ 1, 4, 7, 5 ], "texture": "#texture" },
				"east": { "uv": [ 5, 4, 11, 5 ], "texture": "#texture" }
			}
		}
	]
}