{
	"__comment": "Designed by Paulevs with Cubik Studio - https://cubik.studio",
	"textures": {
		"particle": "betterend:block/filalux_wings",
		"texture": "betterend:block/filalux_wings",
		"large": "betterend:block/filalux_wings_large"
	},
	"elements": [ 	 
		{
			"__comment": "PlaneY1",
			"from": [ 0, 8, 0 ],
			"to": [ 16, 8.001, 8 ],
			"shade": false,
			"faces": {
				"down": { "uv": [ 0, 8, 16, 0 ], "texture": "#texture" },
				"up": { "uv": [ 0, 0, 16, 8 ], "texture": "#texture" }
			}
		},
		{
			"__comment": "PlaneY1",
			"from": [ 0, 6, 0 ],
			"to": [ 16, 6.001, 8 ],
			"rotation": { "origin": [ 0, 6, 0 ], "axis": "x", "angle": 22.5 },
			"shade": false,
			"faces": {
				"down": { "uv": [ 0, 16, 16, 8 ], "texture": "#texture" },
				"up": { "uv": [ 0, 8, 16, 16 ], "texture": "#texture" }
			}
		},
		{
			"__comment": "PlaneY1",
			"from": [ 0, 10, 0 ],
			"to": [ 16, 10.001, 16 ],
			"rotation": { "origin": [ 0, 10, 0 ], "axis": "x", "angle": -22.5 },
			"shade": false,
			"faces": {
				"down": { "uv": [ 0, 16, 16, 0 ], "texture": "#large" },
				"up": { "uv": [ 0, 0, 16, 16 ], "texture": "#large" }
			}
		}
	]
}