{
	"__comment": "Designed by Paulevs with Cubik Studio - https://cubik.studio",
	"textures": {
		"particle": "betterend:block/large_amaranita_cap_side",
		"side": "betterend:block/large_amaranita_cap_side",
		"top": "betterend:block/large_amaranita_cap_top",
		"bottom": "betterend:block/large_amaranita_cap_bottom",
		"stem": "betterend:block/amaranita_stem_top"
	},
	"elements": [ 	 
		{
			"__comment": "Box1",
			"from": [ 1, 7, 1 ],
			"to": [ 15, 14, 15 ],
			"faces": {
				"down": { "uv": [ 1, 1, 15, 15 ], "texture": "#bottom" },
				"up": { "uv": [ 1, 1, 15, 15 ], "texture": "#top" },
				"north": { "uv": [ 1, 2, 15, 9 ], "texture": "#side" },
				"south": { "uv": [ 1, 2, 15, 9 ], "texture": "#side" },
				"west": { "uv": [ 1, 2, 15, 9 ], "texture": "#side" },
				"east": { "uv": [ 1, 2, 15, 9 ], "texture": "#side" }
			}
		},
		{
			"__comment": "Box1",
			"from": [ 3, 14, 3 ],
			"to": [ 13, 16, 13 ],
			"faces": {
				"up": { "uv": [ 3, 3, 13, 13 ], "texture": "#top", "cullface": "up" },
				"north": { "uv": [ 3, 0, 13, 2 ], "texture": "#side" },
				"south": { "uv": [ 3, 0, 13, 2 ], "texture": "#side" },
				"west": { "uv": [ 3, 0, 13, 2 ], "texture": "#side" },
				"east": { "uv": [ 3, 0, 13, 2 ], "texture": "#side" }
			}
		},
		{
			"__comment": "PlaneX6",
			"from": [ 2, 3, 1 ],
			"to": [ 2.001, 7, 15 ],
			"faces": {
				"west": { "uv": [ 1, 9, 15, 13 ], "texture": "#side" },
				"east": { "uv": [ 1, 9, 15, 13 ], "texture": "#side" }
			}
		},
		{
			"__comment": "PlaneX6",
			"from": [ 14, 3, 1 ],
			"to": [ 14.001, 7, 15 ],
			"faces": {
				"west": { "uv": [ 1, 9, 15, 13 ], "texture": "#side" },
				"east": { "uv": [ 1, 9, 15, 13 ], "texture": "#side" }
			}
		},
		{
			"__comment": "PlaneZ8",
			"from": [ 1, 3, 2 ],
			"to": [ 15, 7, 2.001 ],
			"faces": {
				"north": { "uv": [ 1, 9, 15, 13 ], "texture": "#side" },
				"south": { "uv": [ 1, 9, 15, 13 ], "texture": "#side" }
			}
		},
		{
			"__comment": "PlaneZ8",
			"from": [ 1, 3, 14 ],
			"to": [ 15, 7, 14.001 ],
			"faces": {
				"north": { "uv": [ 1, 9, 15, 13 ], "texture": "#side" },
				"south": { "uv": [ 1, 9, 15, 13 ], "texture": "#side" }
			}
		},
		{
			"__comment": "PlaneX9",
			"from": [ 2.25, 0, 2.25 ],
			"to": [ 2.251, 16, 18.25 ],
			"rotation": { "origin": [ 2.25, 0, 2.25 ], "axis": "y", "angle": 45 },
			"shade": false,
			"faces": {
				"west": { "uv": [ 0, 0, 16, 16 ], "texture": "#stem" },
				"east": { "uv": [ 0, 0, 16, 16 ], "texture": "#stem" }
			}
		},
		{
			"__comment": "PlaneX9",
			"from": [ 13.625, 0, 2.375 ],
			"to": [ 13.626, 16, 18.375 ],
			"rotation": { "origin": [ 13.625, 0, 2.375 ], "axis": "y", "angle": -45 },
			"shade": false,
			"faces": {
				"west": { "uv": [ 0, 0, 16, 16 ], "texture": "#stem" },
				"east": { "uv": [ 0, 0, 16, 16 ], "texture": "#stem" }
			}
		}
	]
}