{
	"__comment": "Designed by Paulevs with Cubik Studio - https://cubik.studio",
	"textures": {
		"particle": "betterend:block/lumecorn_bark",
		"texture": "betterend:block/lumecorn_bark",
		"leaf_2": "betterend:block/lumecorn_leaf_2",
		"leaf_1": "betterend:block/lumecorn_leaf_1",
		"roots": "betterend:block/lumecorn_roots"
	},
	"elements": [ 	 
		{
			"__comment": "Box1",
			"from": [ 5, 0, 5 ],
			"to": [ 11, 16, 11 ],
			"faces": {
				"down": { "uv": [ 8, 0, 14, 6 ], "texture": "#texture", "cullface": "down" },
				"up": { "uv": [ 8, 0, 14, 6 ], "texture": "#texture", "cullface": "up" },
				"north": { "uv": [ 2, 0, 8, 16 ], "texture": "#texture" },
				"south": { "uv": [ 2, 0, 8, 16 ], "texture": "#texture" },
				"west": { "uv": [ 2, 0, 8, 16 ], "texture": "#texture" },
				"east": { "uv": [ 2, 0, 8, 16 ], "texture": "#texture" }
			}
		},
		{
			"__comment": "PlaneY4",
			"from": [ 11, 14, 0 ],
			"to": [ 27, 14.001, 16 ],
			"rotation": { "origin": [ 11, 14, 0 ], "axis": "z", "angle": -22.5 },
			"shade": false,
			"faces": {
				"down": { "uv": [ 16, 0, 0, 16 ], "texture": "#leaf_2", "rotation": 90 },
				"up": { "uv": [ 0, 0, 16, 16 ], "texture": "#leaf_2", "rotation": 90 }
			}
		},
		{
			"__comment": "PlaneY4",
			"from": [ 11, 15, 0 ],
			"to": [ 19, 15.001, 16 ],
			"rotation": { "origin": [ 11, 15, 0 ], "axis": "z", "angle": 45 },
			"shade": false,
			"faces": {
				"down": { "uv": [ 16, 8, 0, 16 ], "texture": "#leaf_1", "rotation": 90 },
				"up": { "uv": [ 0, 8, 16, 16 ], "texture": "#leaf_1", "rotation": 90 }
			}
		},
		{
			"__comment": "PlaneY4",
			"from": [ -11, 13.999, 0 ],
			"to": [ 5, 14, 16 ],
			"rotation": { "origin": [ 5, 14, 0 ], "axis": "z", "angle": 22.5 },
			"shade": false,
			"faces": {
				"down": { "uv": [ 0, 0, 16, 16 ], "texture": "#leaf_2", "rotation": 270 },
				"up": { "uv": [ 16, 0, 0, 16 ], "texture": "#leaf_2", "rotation": 270 }
			}
		},
		{
			"__comment": "PlaneY4",
			"from": [ -3, 14.999, 0 ],
			"to": [ 5, 15, 16 ],
			"rotation": { "origin": [ 5, 15, 0 ], "axis": "z", "angle": -45 },
			"shade": false,
			"faces": {
				"down": { "uv": [ 0, 8, 16, 16 ], "texture": "#leaf_1", "rotation": 270 },
				"up": { "uv": [ 16, 8, 0, 16 ], "texture": "#leaf_1", "rotation": 270 }
			}
		},
		{
			"__comment": "PlaneY17",
			"from": [ 0, 14, 11 ],
			"to": [ 16, 14.001, 27 ],
			"rotation": { "origin": [ 0, 14, 11 ], "axis": "x", "angle": 22.5 },
			"shade": false,
			"faces": {
				"down": { "uv": [ 16, 0, 0, 16 ], "texture": "#leaf_2" },
				"up": { "uv": [ 0, 0, 16, 16 ], "texture": "#leaf_2", "rotation": 180 }
			}
		},
		{
			"__comment": "PlaneY17",
			"from": [ 0, 15, 10.999 ],
			"to": [ 16, 23, 11 ],
			"rotation": { "origin": [ 0, 15, 11 ], "axis": "x", "angle": 45 },
			"shade": false,
			"faces": {
				"north": { "uv": [ 16, 16, 0, 8 ], "texture": "#leaf_1", "rotation": 180 },
				"south": { "uv": [ 16, 8, 0, 16 ], "texture": "#leaf_1" }
			}
		},
		{
			"__comment": "PlaneY17",
			"from": [ 0, 13.999, -11 ],
			"to": [ 16, 14, 5 ],
			"rotation": { "origin": [ 0, 14, 5 ], "axis": "x", "angle": -22.5 },
			"shade": false,
			"faces": {
				"down": { "uv": [ 0, 0, 16, 16 ], "texture": "#leaf_2", "rotation": 180 },
				"up": { "uv": [ 16, 0, 0, 16 ], "texture": "#leaf_2" }
			}
		},
		{
			"__comment": "PlaneY17",
			"from": [ 0, 15, 4.999 ],
			"to": [ 16, 23, 5 ],
			"rotation": { "origin": [ 0, 15, 5 ], "axis": "x", "angle": -45 },
			"shade": false,
			"faces": {
				"north": { "uv": [ 16, 16, 0, 8 ], "texture": "#leaf_1", "rotation": 180 },
				"south": { "uv": [ 16, 8, 0, 16 ], "texture": "#leaf_1" }
			}
		},
		{
			"__comment": "PlaneY24",
			"from": [ 13, 14, -2.5 ],
			"to": [ 21, 14.001, 5.5 ],
			"rotation": { "origin": [ 13, 14, -2.5 ], "axis": "y", "angle": -45 },
			"shade": false,
			"faces": {
				"down": { "uv": [ 4, 8, 12, 0 ], "texture": "#leaf_1" },
				"up": { "uv": [ 4, 0, 12, 8 ], "texture": "#leaf_1" }
			}
		},
		{
			"__comment": "PlaneY24",
			"from": [ 10.5, 14, 5 ],
			"to": [ 18.5, 14.001, 13 ],
			"rotation": { "origin": [ 18.5, 15, 13 ], "axis": "y", "angle": 45 },
			"shade": false,
			"faces": {
				"down": { "uv": [ 4, 8, 12, 0 ], "texture": "#leaf_1", "rotation": 180 },
				"up": { "uv": [ 4, 0, 12, 8 ], "texture": "#leaf_1", "rotation": 180 }
			}
		},
		{
			"__comment": "PlaneY24",
			"from": [ -5, 14, 10.5 ],
			"to": [ 3, 14.001, 18.5 ],
			"rotation": { "origin": [ 3, 15, 18.5 ], "axis": "y", "angle": -45 },
			"shade": false,
			"faces": {
				"down": { "uv": [ 4, 8, 12, 0 ], "texture": "#leaf_1", "rotation": 180 },
				"up": { "uv": [ 4, 0, 12, 8 ], "texture": "#leaf_1", "rotation": 180 }
			}
		},
		{
			"__comment": "PlaneY24",
			"from": [ -2.4999, 14, 3 ],
			"to": [ 5.5001, 14.001, 11 ],
			"rotation": { "origin": [ -2.5, 15, 3 ], "axis": "y", "angle": 45 },
			"shade": false,
			"faces": {
				"down": { "uv": [ 4, 8, 12, 0 ], "texture": "#leaf_1" },
				"up": { "uv": [ 4, 0, 12, 8 ], "texture": "#leaf_1" }
			}
		},
		{
			"__comment": "PlaneX14",
			"from": [ 0, 0, 0 ],
			"to": [ 0.001, 16, 22.5 ],
			"rotation": { "origin": [ 0, 0, 0 ], "axis": "y", "angle": 45 },
			"shade": false,
			"faces": {
				"west": { "uv": [ 0, 0, 16, 16 ], "texture": "#roots" },
				"east": { "uv": [ 0, 0, 16, 16 ], "texture": "#roots" }
			}
		},
		{
			"__comment": "PlaneX14",
			"from": [ 16, 0, 0 ],
			"to": [ 16.001, 16, 22.5 ],
			"rotation": { "origin": [ 16, 0, 0 ], "axis": "y", "angle": -45 },
			"shade": false,
			"faces": {
				"west": { "uv": [ 0, 0, 16, 16 ], "texture": "#roots" },
				"east": { "uv": [ 0, 0, 16, 16 ], "texture": "#roots" }
			}
		}
	]
}