{
	"__comment": "Designed by Paulevs with Cubik Studio - https://cubik.studio",
	"textures": {
		"particle": "betterend:block/mossy_glowshroom_fur",
		"texture": "betterend:block/mossy_glowshroom_fur"
	},
	"elements": [ 	 
		{
			"__comment": "PlaneY1",
			"from": [ 0, -0.001, -8 ],
			"to": [ 16, 0, 8 ],
			"rotation": { "origin": [ 0, 0, 8 ], "axis": "x", "angle": 22.5 },
			"shade": false,
			"faces": {
				"down": { "uv": [ 0, 0, 16, 16 ], "texture": "#texture" },
				"up": { "uv": [ 0, 0, 16, 16 ], "texture": "#texture", "rotation": 180 }
			}
		},
		{
			"__comment": "PlaneY1",
			"from": [ 0, 0, 8 ],
			"to": [ 16, 0.001, 24 ],
			"rotation": { "origin": [ 0, 0.000000954, 8 ], "axis": "x", "angle": -22.5 },
			"shade": false,
			"faces": {
				"down": { "uv": [ 0, 0, 16, 16 ], "texture": "#texture", "rotation": 180 },
				"up": { "uv": [ 0, 0, 16, 16 ], "texture": "#texture" }
			}
		},
		{
			"__comment": "PlaneY4",
			"from": [ 8, -0.001, 0 ],
			"to": [ 24, 0, 16 ],
			"rotation": { "origin": [ 8, 0, 16 ], "axis": "z", "angle": 22.5 },
			"shade": false,
			"faces": {
				"down": { "uv": [ 0, 0, 16, 16 ], "texture": "#texture", "rotation": 270 },
				"up": { "uv": [ 0, 0, 16, 16 ], "texture": "#texture", "rotation": 270 }
			}
		},
		{
			"__comment": "PlaneY4",
			"from": [ -8, 0, 2 ],
			"to": [ 8, 0.001, 18 ],
			"rotation": { "origin": [ 8, 0, 18 ], "axis": "z", "angle": -22.5 },
			"shade": false,
			"faces": {
				"down": { "uv": [ 0, 0, 16, 16 ], "texture": "#texture", "rotation": 90 },
				"up": { "uv": [ 0, 0, 16, 16 ], "texture": "#texture", "rotation": 90 }
			}
		},
		{
			"__comment": "PlaneX6",
			"from": [ 0, 0, -6.5 ],
			"to": [ 0.001, 16, 16 ],
			"rotation": { "origin": [ 0, 16, 16 ], "axis": "y", "angle": -45 },
			"shade": false,
			"faces": {
				"west": { "uv": [ 0, 0, 16, 16 ], "texture": "#texture", "rotation": 180 },
				"east": { "uv": [ 0, 0, 16, 16 ], "texture": "#texture", "rotation": 180 }
			}
		},
		{
			"__comment": "PlaneX6",
			"from": [ -6.5, 0, 15.999 ],
			"to": [ 16, 16, 16 ],
			"rotation": { "origin": [ 16, 16, 16 ], "axis": "y", "angle": -45 },
			"shade": false,
			"faces": {
				"north": { "uv": [ 0, 0, 16, 16 ], "texture": "#texture", "rotation": 180 },
				"south": { "uv": [ 0, 0, 16, 16 ], "texture": "#texture", "rotation": 180 }
			}
		}
	]
}