{
	"__comment": "Designed by Paulevs with Cubik Studio - https://cubik.studio",
	"textures": {
		"texture": "betterend:block/nightshade_moss",
		"particle": "#texture"
	},
	"elements": [ 	 
		{
			"__comment": "PlaneY1",
			"from": [ -1, 0, 0 ],
			"to": [ 15, 16, 0.001 ],
			"rotation": { "origin": [ -1, 16, 0 ], "axis": "x", "angle": -22.5 },
			"shade": false,
			"faces": {
				"north": { "uv": [ 0, 16, 16, 0 ], "texture": "#texture" },
				"south": { "uv": [ 0, 0, 16, 16 ], "texture": "#texture", "rotation": 180 }
			}
		},
		{
			"__comment": "PlaneY1",
			"from": [ 2, -3, 0 ],
			"to": [ 18, 13, 0.001 ],
			"rotation": { "origin": [ 2, 13, 0 ], "axis": "x", "angle": -22.5 },
			"shade": false,
			"faces": {
				"north": { "uv": [ 0, 16, 16, 0 ], "texture": "#texture" },
				"south": { "uv": [ 0, 0, 16, 16 ], "texture": "#texture", "rotation": 180 }
			}
		},
		{
			"__comment": "PlaneY1",
			"from": [ 0, -8, 0 ],
			"to": [ 16, 8, 0.001 ],
			"rotation": { "origin": [ 0, 8, 0 ], "axis": "x", "angle": -22.5 },
			"shade": false,
			"faces": {
				"north": { "uv": [ 0, 16, 16, 0 ], "texture": "#texture" },
				"south": { "uv": [ 0, 0, 16, 16 ], "texture": "#texture", "rotation": 180 }
			}
		},
		{
			"__comment": "PlaneY1",
			"from": [ -3, -12, 0 ],
			"to": [ 13, 4, 0.001 ],
			"rotation": { "origin": [ -3, 4, 0 ], "axis": "x", "angle": -22.5 },
			"shade": false,
			"faces": {
				"north": { "uv": [ 0, 16, 16, 0 ], "texture": "#texture" },
				"south": { "uv": [ 0, 0, 16, 16 ], "texture": "#texture", "rotation": 180 }
			}
		},
		{
			"__comment": "PlaneY1",
			"from": [ 3, -15, 0 ],
			"to": [ 19, 1, 0.001 ],
			"rotation": { "origin": [ 3, 1, 0 ], "axis": "x", "angle": -22.5 },
			"shade": false,
			"faces": {
				"north": { "uv": [ 0, 16, 16, 0 ], "texture": "#texture" },
				"south": { "uv": [ 0, 0, 16, 16 ], "texture": "#texture", "rotation": 180 }
			}
		}
	]
}