{
	"__comment": "Designed by Paulevs with Cubik Studio - https://cubik.studio",
	"textures": {
		"1": "betterend:block/wild_crop",
		"particle": "betterend:block/shadow_berry_dead",
		"texture": "betterend:block/shadow_berry_dead",
		"texture1": "betterend:block/shadow_berry_leaves"
	},
	"elements": [ 
		{
			"__comment": "Box1",
			"from": [ 3, 0, 3 ],
			"to": [ 7, 4, 7 ],
			"faces": {
				"down": { "uv": [ 10, 10, 14, 14 ], "texture": "#texture" },
				"up": { "uv": [ 8.5, 0.5, 12.5, 4.5 ], "texture": "#texture" },
				"north": { "uv": [ 2, 11, 6, 15 ], "texture": "#texture" },
				"south": { "uv": [ 2, 11, 6, 15 ], "texture": "#texture" },
				"west": { "uv": [ 2, 11, 6, 15 ], "texture": "#texture" },
				"east": { "uv": [ 2, 11, 6, 15 ], "texture": "#texture" }
			}
		},
		{
			"__comment": "Box1",
			"from": [ 11.5, 0, 6.5 ],
			"to": [ 14.5, 3, 9.5 ],
			"faces": {
				"down": { "uv": [ 12, 12, 15, 15 ], "texture": "#texture" },
				"up": { "uv": [ 9, 1, 12, 4 ], "texture": "#texture" },
				"north": { "uv": [ 4, 11, 7, 14 ], "texture": "#texture" },
				"south": { "uv": [ 4, 11, 7, 14 ], "texture": "#texture" },
				"west": { "uv": [ 4, 11, 7, 14 ], "texture": "#texture" },
				"east": { "uv": [ 4, 11, 7, 14 ], "texture": "#texture" }
			}
		},
		{
			"__comment": "PlaneY4",
			"from": [ 0, 0.5, 0 ],
			"to": [ 16, 0.501, 16 ],
			"faces": {
				"down": { "uv": [ 0, 0, 16, 16 ], "texture": "#texture1" },
				"up": { "uv": [ 0, 0, 16, 16 ], "texture": "#texture1" }
			}
		},
		{
			"from": [13.1, -1, 0.1],
			"to": [13.1, 15, 16.1],
			"shade": false,
			"faces": {
				"east": {"uv": [0, 0, 16, 16], "texture": "#1"},
				"west": {"uv": [16, 0, 0, 16], "texture": "#1"}
			}
		},
		{
			"from": [0.1, -1, 3.1],
			"to": [16.1, 15, 3.1],
			"shade": false,
			"faces": {
				"north": {"uv": [0, 0, 16, 16], "texture": "#1"},
				"south": {"uv": [16, 0, 0, 16], "texture": "#1"}
			}
		},
		{
			"from": [0.1, -1, 13.1],
			"to": [16.1, 15, 13.1],
			"shade": false,
			"faces": {
				"north": {"uv": [16, 0, 0, 16], "texture": "#1"},
				"south": {"uv": [0, 0, 16, 16], "texture": "#1"}
			}
		}
	],
	"display": {
		"gui": {
			"rotation": [ 30, 225, 0 ],
			"translation": [ 0, 0, 0 ],
			"scale": [ 0.625, 0.625, 0.625 ]
		}
	}
}