{
	"__comment": "Designed by Paulevs with Cubik Studio - https://cubik.studio",
	"textures": {
		"particle": "betterend:block/twisted_umbrella_moss_up",
		"texture": "betterend:block/twisted_umbrella_moss_up",
		"spore": "betterend:block/twisted_umbrella_moss_sporophyte",
		"end": "betterend:block/twisted_umbrella_moss_end"
	},
	"elements": [ 	 
		{
			"__comment": "Box1",
			"from": [ 3, 13, 3 ],
			"to": [ 5, 16, 5 ],
			"faces": {
				"down": { "uv": [ 7, 5, 9, 7 ], "texture": "#spore" },
				"up": { "uv": [ 7, 0, 9, 2 ], "texture": "#spore" },
				"north": { "uv": [ 7, 2, 9, 5 ], "texture": "#spore" },
				"south": { "uv": [ 7, 2, 9, 5 ], "texture": "#spore" },
				"west": { "uv": [ 7, 2, 9, 5 ], "texture": "#spore" },
				"east": { "uv": [ 7, 2, 9, 5 ], "texture": "#spore" }
			}
		},
		{
			"__comment": "Box1",
			"from": [ 1, 12, 1 ],
			"to": [ 7, 14, 7 ],
			"shade": false,
			"faces": {
				"up": { "uv": [ 0, 0, 6, 6 ], "texture": "#spore" },
				"north": { "uv": [ 0, 6, 6, 8 ], "texture": "#spore" },
				"south": { "uv": [ 0, 6, 6, 8 ], "texture": "#spore" },
				"west": { "uv": [ 0, 6, 6, 8 ], "texture": "#spore" },
				"east": { "uv": [ 0, 6, 6, 8 ], "texture": "#spore" }
			}
		},
		{
			"__comment": "PlaneX3",
			"from": [ -2, 0, -2 ],
			"to": [ -1.999, 13, 14 ],
			"rotation": { "origin": [ -2, 0, -2 ], "axis": "y", "angle": 45 },
			"shade": false,
			"faces": {
				"west": { "uv": [ 0, 3, 16, 16 ], "texture": "#texture" },
				"east": { "uv": [ 0, 3, 16, 16 ], "texture": "#texture" }
			}
		},
		{
			"__comment": "PlaneX3",
			"from": [ 9.5, 0, -2 ],
			"to": [ 9.501, 13, 14 ],
			"rotation": { "origin": [ 9.5, 0, -2 ], "axis": "y", "angle": -45 },
			"shade": false,
			"faces": {
				"west": { "uv": [ 0, 3, 16, 16 ], "texture": "#texture" },
				"east": { "uv": [ 0, 3, 16, 16 ], "texture": "#texture" }
			}
		},
		{
			"__comment": "Box1",
			"from": [ 7, 14, 7 ],
			"to": [ 1, 12, 1 ],
			"shade": false,
			"faces": {
				"down": { "uv": [ 0, 0, 6, 6 ], "texture": "#spore" },
				"north": { "uv": [ 6, 8, 0, 6 ], "texture": "#spore" },
				"south": { "uv": [ 6, 8, 0, 6 ], "texture": "#spore" },
				"west": { "uv": [ 6, 8, 0, 6 ], "texture": "#spore" },
				"east": { "uv": [ 6, 8, 0, 6 ], "texture": "#spore" }
			}
		},
		{
			"__comment": "PlaneX3",
			"from": [ 6, 0, 3 ],
			"to": [ 6.001, 13, 19 ],
			"rotation": { "origin": [ 6, 0, 3 ], "axis": "y", "angle": 45 },
			"shade": false,
			"faces": {
				"west": { "uv": [ 0, 4, 16, 16 ], "texture": "#end" },
				"east": { "uv": [ 0, 4, 16, 16 ], "texture": "#end" }
			}
		},
		{
			"__comment": "PlaneX3",
			"from": [ 17.5, 0, 3 ],
			"to": [ 17.501, 13, 19 ],
			"rotation": { "origin": [ 17.5, 0, 3 ], "axis": "y", "angle": -45 },
			"shade": false,
			"faces": {
				"west": { "uv": [ 0, 3, 16, 16 ], "texture": "#end" },
				"east": { "uv": [ 0, 3, 16, 16 ], "texture": "#end" }
			}
		},
		{
			"__comment": "PlaneX3",
			"from": [ -1, 0, 6 ],
			"to": [ -0.999, 11, 22 ],
			"rotation": { "origin": [ -1, 0, 6 ], "axis": "y", "angle": 45 },
			"shade": false,
			"faces": {
				"west": { "uv": [ 0, 5, 16, 16 ], "texture": "#end" },
				"east": { "uv": [ 0, 5, 16, 16 ], "texture": "#end" }
			}
		},
		{
			"__comment": "PlaneX3",
			"from": [ 10.5, 0, 6 ],
			"to": [ 10.501, 11, 22 ],
			"rotation": { "origin": [ 10.5, 0, 6 ], "axis": "y", "angle": -45 },
			"shade": false,
			"faces": {
				"west": { "uv": [ 0, 5, 16, 16 ], "texture": "#end" },
				"east": { "uv": [ 0, 5, 16, 16 ], "texture": "#end" }
			}
		}
	]
}