{
	"__comment": "Designed by Paulevs with Cubik Studio - https://cubik.studio",
	"textures": {
		"particle": "betterend:block/twisted_umbrella_moss_up",
		"texture": "betterend:block/twisted_umbrella_moss_up",
		"spore": "betterend:block/twisted_umbrella_moss_sporophyte",
		"small": "betterend:block/twisted_umbrella_moss_small"
	},
	"elements": [ 	 
		{
			"__comment": "Box1",
			"from": [ 3, 13, 3 ],
			"to": [ 5, 16, 5 ],
			"faces": {
				"down": { "uv": [ 7, 5, 9, 7 ], "texture": "#spore" },
				"up": { "uv": [ 7, 0, 9, 2 ], "texture": "#spore" },
				"north": { "uv": [ 7, 2, 9, 5 ], "texture": "#spore" },
				"south": { "uv": [ 7, 2, 9, 5 ], "texture": "#spore" },
				"west": { "uv": [ 7, 2, 9, 5 ], "texture": "#spore" },
				"east": { "uv": [ 7, 2, 9, 5 ], "texture": "#spore" }
			}
		},
		{
			"__comment": "Box1",
			"from": [ 11, 12, 8 ],
			"to": [ 13, 15, 10 ],
			"faces": {
				"down": { "uv": [ 7, 5, 9, 7 ], "texture": "#spore" },
				"up": { "uv": [ 7, 0, 9, 2 ], "texture": "#spore" },
				"north": { "uv": [ 7, 2, 9, 5 ], "texture": "#spore" },
				"south": { "uv": [ 7, 2, 9, 5 ], "texture": "#spore" },
				"west": { "uv": [ 7, 2, 9, 5 ], "texture": "#spore" },
				"east": { "uv": [ 7, 2, 9, 5 ], "texture": "#spore" }
			}
		},
		{
			"__comment": "Box1",
			"from": [ 4, 11, 11 ],
			"to": [ 6, 14, 13 ],
			"faces": {
				"down": { "uv": [ 7, 5, 9, 7 ], "texture": "#spore" },
				"up": { "uv": [ 7, 0, 9, 2 ], "texture": "#spore" },
				"north": { "uv": [ 7, 2, 9, 5 ], "texture": "#spore" },
				"south": { "uv": [ 7, 2, 9, 5 ], "texture": "#spore" },
				"west": { "uv": [ 7, 2, 9, 5 ], "texture": "#spore" },
				"east": { "uv": [ 7, 2, 9, 5 ], "texture": "#spore" }
			}
		},
		{
			"__comment": "Box1",
			"from": [ 1, 12, 1 ],
			"to": [ 7, 14, 7 ],
			"shade": false,
			"faces": {
				"up": { "uv": [ 0, 0, 6, 6 ], "texture": "#spore" },
				"north": { "uv": [ 0, 6, 6, 8 ], "texture": "#spore" },
				"south": { "uv": [ 0, 6, 6, 8 ], "texture": "#spore" },
				"west": { "uv": [ 0, 6, 6, 8 ], "texture": "#spore" },
				"east": { "uv": [ 0, 6, 6, 8 ], "texture": "#spore" }
			}
		},
		{
			"__comment": "PlaneX3",
			"from": [ -2, 0, -2 ],
			"to": [ -1.999, 13, 14 ],
			"rotation": { "origin": [ -2, 0, -2 ], "axis": "y", "angle": 45 },
			"shade": false,
			"faces": {
				"west": { "uv": [ 0, 3, 16, 16 ], "texture": "#texture" },
				"east": { "uv": [ 0, 3, 16, 16 ], "texture": "#texture" }
			}
		},
		{
			"__comment": "PlaneX3",
			"from": [ 9.5, 0, -2 ],
			"to": [ 9.501, 13, 14 ],
			"rotation": { "origin": [ 9.5, 0, -2 ], "axis": "y", "angle": -45 },
			"shade": false,
			"faces": {
				"west": { "uv": [ 0, 3, 16, 16 ], "texture": "#texture" },
				"east": { "uv": [ 0, 3, 16, 16 ], "texture": "#texture" }
			}
		},
		{
			"__comment": "Box1",
			"from": [ 7, 14, 7 ],
			"to": [ 1, 12, 1 ],
			"shade": false,
			"faces": {
				"down": { "uv": [ 0, 0, 6, 6 ], "texture": "#spore" },
				"north": { "uv": [ 6, 8, 0, 6 ], "texture": "#spore" },
				"south": { "uv": [ 6, 8, 0, 6 ], "texture": "#spore" },
				"west": { "uv": [ 6, 8, 0, 6 ], "texture": "#spore" },
				"east": { "uv": [ 6, 8, 0, 6 ], "texture": "#spore" }
			}
		},
		{
			"__comment": "Box1",
			"from": [ 9, 11, 6 ],
			"to": [ 15, 13, 12 ],
			"shade": false,
			"faces": {
				"up": { "uv": [ 0, 0, 6, 6 ], "texture": "#spore" },
				"north": { "uv": [ 0, 6, 6, 8 ], "texture": "#spore" },
				"south": { "uv": [ 0, 6, 6, 8 ], "texture": "#spore" },
				"west": { "uv": [ 0, 6, 6, 8 ], "texture": "#spore" },
				"east": { "uv": [ 0, 6, 6, 8 ], "texture": "#spore" }
			}
		},
		{
			"__comment": "PlaneX3",
			"from": [ 6, 0, 3 ],
			"to": [ 6.001, 12, 19 ],
			"rotation": { "origin": [ 6, 0, 3 ], "axis": "y", "angle": 45 },
			"shade": false,
			"faces": {
				"west": { "uv": [ 0, 4, 16, 16 ], "texture": "#texture" },
				"east": { "uv": [ 0, 4, 16, 16 ], "texture": "#texture" }
			}
		},
		{
			"__comment": "PlaneX3",
			"from": [ 17.5, 0, 3 ],
			"to": [ 17.501, 12, 19 ],
			"rotation": { "origin": [ 17.5, 0, 3 ], "axis": "y", "angle": -45 },
			"shade": false,
			"faces": {
				"west": { "uv": [ 0, 4, 16, 16 ], "texture": "#texture" },
				"east": { "uv": [ 0, 4, 16, 16 ], "texture": "#texture" }
			}
		},
		{
			"__comment": "Box1",
			"from": [ 15, 13, 12 ],
			"to": [ 9, 11, 6 ],
			"shade": false,
			"faces": {
				"down": { "uv": [ 0, 0, 6, 6 ], "texture": "#spore" },
				"north": { "uv": [ 6, 8, 0, 6 ], "texture": "#spore" },
				"south": { "uv": [ 6, 8, 0, 6 ], "texture": "#spore" },
				"west": { "uv": [ 6, 8, 0, 6 ], "texture": "#spore" },
				"east": { "uv": [ 6, 8, 0, 6 ], "texture": "#spore" }
			}
		},
		{
			"__comment": "Box1",
			"from": [ 2, 10, 9 ],
			"to": [ 8, 12, 15 ],
			"shade": false,
			"faces": {
				"up": { "uv": [ 0, 0, 6, 6 ], "texture": "#spore" },
				"north": { "uv": [ 0, 6, 6, 8 ], "texture": "#spore" },
				"south": { "uv": [ 0, 6, 6, 8 ], "texture": "#spore" },
				"west": { "uv": [ 0, 6, 6, 8 ], "texture": "#spore" },
				"east": { "uv": [ 0, 6, 6, 8 ], "texture": "#spore" }
			}
		},
		{
			"__comment": "PlaneX3",
			"from": [ -1, 0, 6 ],
			"to": [ -0.999, 11, 22 ],
			"rotation": { "origin": [ -1, 0, 6 ], "axis": "y", "angle": 45 },
			"shade": false,
			"faces": {
				"west": { "uv": [ 0, 5, 16, 16 ], "texture": "#texture" },
				"east": { "uv": [ 0, 5, 16, 16 ], "texture": "#texture" }
			}
		},
		{
			"__comment": "PlaneX3",
			"from": [ 10.5, 0, 6 ],
			"to": [ 10.501, 11, 22 ],
			"rotation": { "origin": [ 10.5, 0, 6 ], "axis": "y", "angle": -45 },
			"shade": false,
			"faces": {
				"west": { "uv": [ 0, 5, 16, 16 ], "texture": "#texture" },
				"east": { "uv": [ 0, 5, 16, 16 ], "texture": "#texture" }
			}
		},
		{
			"__comment": "Box1",
			"from": [ 8, 12, 15 ],
			"to": [ 2, 10, 9 ],
			"shade": false,
			"faces": {
				"down": { "uv": [ 0, 0, 6, 6 ], "texture": "#spore" },
				"north": { "uv": [ 6, 8, 0, 6 ], "texture": "#spore" },
				"south": { "uv": [ 6, 8, 0, 6 ], "texture": "#spore" },
				"west": { "uv": [ 6, 8, 0, 6 ], "texture": "#spore" },
				"east": { "uv": [ 6, 8, 0, 6 ], "texture": "#spore" }
			}
		},
		{
			"__comment": "PlaneY16",
			"from": [ 0, 0, 9 ],
			"to": [ 16, 0.001, 25 ],
			"rotation": { "origin": [ 0, 0, 9 ], "axis": "x", "angle": -22.5 },
			"shade": false,
			"faces": {
				"down": { "uv": [ 0, 0, 16, 16 ], "texture": "#small" },
				"up": { "uv": [ 0, 0, 16, 16 ], "texture": "#small", "rotation": 180 }
			}
		},
		{
			"__comment": "PlaneY16",
			"from": [ 0, -0.001, -9 ],
			"to": [ 16, 0, 7 ],
			"rotation": { "origin": [ 0, 0, 7 ], "axis": "x", "angle": 22.5 },
			"shade": false,
			"faces": {
				"down": { "uv": [ 0, 0, 16, 16 ], "texture": "#small", "rotation": 180 },
				"up": { "uv": [ 0, 0, 16, 16 ], "texture": "#small" }
			}
		},
		{
			"__comment": "PlaneY18",
			"from": [ 9, 0, 0 ],
			"to": [ 25, 0.001, 16 ],
			"rotation": { "origin": [ 9, 0, 0 ], "axis": "z", "angle": 22.5 },
			"shade": false,
			"faces": {
				"down": { "uv": [ 0, 0, 16, 16 ], "texture": "#small", "rotation": 90 },
				"up": { "uv": [ 0, 0, 16, 16 ], "texture": "#small", "rotation": 90 }
			}
		},
		{
			"__comment": "PlaneY18",
			"from": [ -9, -0.001, 0 ],
			"to": [ 7, 0, 16 ],
			"rotation": { "origin": [ 7, 0, 0 ], "axis": "z", "angle": -22.5 },
			"shade": false,
			"faces": {
				"down": { "uv": [ 0, 0, 16, 16 ], "texture": "#small", "rotation": 270 },
				"up": { "uv": [ 0, 0, 16, 16 ], "texture": "#small", "rotation": 270 }
			}
		}
	]
}