{
	"variants": {
		"age=0": [
			{ "model": "betterend:block/blossom_berry_seed_0", "y": 0 },
			{ "model": "betterend:block/blossom_berry_seed_0", "y": 90 },
			{ "model": "betterend:block/blossom_berry_seed_0", "y": 180 },
			{ "model": "betterend:block/blossom_berry_seed_0", "y": 270 }
		],
		"age=1": [
			{ "model": "betterend:block/blossom_berry_seed_1", "y": 0 },
			{ "model": "betterend:block/blossom_berry_seed_1", "y": 90 },
			{ "model": "betterend:block/blossom_berry_seed_1", "y": 180 },
			{ "model": "betterend:block/blossom_berry_seed_1", "y": 270 }
		],
		"age=2": [
			{ "model": "betterend:block/blossom_berry_seed_2", "y": 0 },
			{ "model": "betterend:block/blossom_berry_seed_2", "y": 90 },
			{ "model": "betterend:block/blossom_berry_seed_2", "y": 180 },
			{ "model": "betterend:block/blossom_berry_seed_2", "y": 270 }
		],
		"age=3": [
			{ "model": "betterend:block/blossom_berry", "y": 0 },
			{ "model": "betterend:block/blossom_berry", "y": 90 },
			{ "model": "betterend:block/blossom_berry", "y": 180 },
			{ "model": "betterend:block/blossom_berry", "y": 270 }
		]
	}
}
