{
	"variants": {
		"": [
			{ "model": "betterend:block/chorus_grass_01" },
			{ "model": "betterend:block/chorus_grass_02" },
			{ "model": "betterend:block/chorus_grass_03" },
			{ "model": "betterend:block/chorus_grass_04" },
			{ "model": "betterend:block/chorus_grass_05" },
			{ "model": "betterend:block/chorus_grass_06" },
			{ "model": "betterend:block/chorus_grass_07" },
			{ "model": "betterend:block/chorus_grass_08" },
			{ "model": "betterend:block/chorus_grass_09" },
			{ "model": "betterend:block/chorus_grass_10" }
		]
	}
}
